Image,F1,Jaccard,Recall,Precision
833.png,0.9078838174273859,0.831306990881459,0.9630281690140845,0.858712715855573
2069.png,0.7885906040268457,0.6509695290858726,1.0,0.6509695290858726
3038.png,0.6849122807017545,0.5208110992529349,0.7601246105919003,0.6232439335887612
1169.png,0.943502824858757,0.893048128342246,0.8997844827586207,0.9916864608076009
501.png,0.9527439024390244,0.9097525473071325,0.9204712812960235,0.9873617693522907
31.png,0.9586016559337627,0.9204946996466431,0.9229406554472985,0.9971291866028709
2242.png,0.9192695819317636,0.8506002667852379,0.9219277108433735,0.9166267369429804
1014.png,0.940251572327044,0.887240356083086,0.887240356083086,1.0
1322.png,0.8901734104046244,0.8020833333333334,0.8148148148148148,0.9808917197452229
1779.png,0.8871181938911022,0.7971360381861575,0.8766404199475065,0.8978494623655914
1217.png,0.958813838550247,0.9208860759493671,0.9326923076923077,0.9864406779661017
1956.png,0.9116338207247298,0.8376168224299065,0.8376168224299065,1.0
108.png,0.9607412826139965,0.9244486156733928,0.9305621162021729,0.9929435483870968
1258.png,0.9590443686006825,0.921311475409836,0.95578231292517,0.9623287671232876
571.png,0.9722222222222222,0.9459459459459459,0.9577114427860697,0.9871794871794872
1888.png,0.6064981949458483,0.43523316062176165,0.4772727272727273,0.8316831683168316
35.png,0.9051724137931033,0.8267716535433071,0.8536585365853658,0.963302752293578
2162.png,0.9552192711550341,0.9142772686964233,0.9381255686988171,0.9729474677571563
2582.png,0.9443651925820256,0.8945945945945946,0.9575699132111861,0.9315196998123827
1279.png,0.0,0.0,0.0,0.0
749.png,0.8775545851528385,0.7818238406473701,0.9334819769602378,0.8279499011206328
2122.png,0.013172338090010977,0.0066298342541436465,0.007476635514018692,0.055299539170506916
2928.png,0.8363136176066025,0.7186761229314421,0.7691334598355472,0.9163526752072344
74.png,0.9755374351371386,0.9522431259044862,0.9824561403508771,0.9687154950312845
788.png,0.8903628560280922,0.8023909985935302,0.8105612124082406,0.9875937680323139
707.png,0.9772573744652105,0.9555261999119331,0.9696157283288651,0.9850204266908761
1678.png,0.9549019607843137,0.9136960600375235,0.960552268244576,0.949317738791423
909.png,0.872308834446919,0.7735352205398288,0.7735352205398288,1.0
218.png,0.8428701180744776,0.728414442700157,0.9747899159663865,0.7424
2046.png,0.8858311640014876,0.7950600801068091,0.8543758967001435,0.9196911196911197
3.png,0.9684170471841704,0.9387679822943563,0.9596530920060332,0.9773425499231951
1270.png,0.5902777777777778,0.4187192118226601,0.8018867924528302,0.46703296703296704
573.png,0.9607843137254901,0.9245283018867925,0.9763387297633873,0.9457177322074789
861.png,0.3310810810810811,0.19838056680161945,0.19838056680161945,1.0
2463.png,0.2786259541984733,0.16186252771618626,1.0,0.16186252771618626
1326.png,0.8567454798331016,0.7493917274939172,0.7567567567567568,0.9871794871794872
528.png,0.9580988117573483,0.9195678271308524,0.9922279792746114,0.9262394195888755
461.png,0.8974358974358975,0.813953488372093,0.9,0.8948863636363636
803.png,0.741827885256838,0.5896076352067868,0.6461359674607786,0.8707909162098669
1392.png,0.9569202566452796,0.9173989455184535,0.9473684210526315,0.9666666666666667
298.png,0.0,0.0,0.0,0.0
3005.png,0.8417596848325674,0.7267573696145124,0.9412628487518355,0.7612826603325415
1239.png,0.9307692307692308,0.8705035971223022,0.9260204081632653,0.9355670103092784
2839.png,0.0,0.0,0.0,0.0
2605.png,0.8199432892249527,0.6948338005606728,0.9869169510807736,0.7012934518997574
1529.png,0.9254545454545455,0.8612521150592216,0.967680608365019,0.8867595818815331
574.png,0.9574468085106382,0.9183673469387755,0.9957446808510638,0.9219858156028369
2574.png,0.9173188159237836,0.8472658705216844,0.9264604810996564,0.9083557951482479
1702.png,0.9169811320754717,0.8466898954703833,0.9878048780487805,0.8556338028169014
1732.png,0.7868001483129402,0.6485330073349633,0.9953095684803002,0.6505211526670754
1266.png,0.6984126984126985,0.5365853658536586,0.5365853658536586,1.0
1808.png,0.7458937198067633,0.5947611710323575,1.0,0.5947611710323575
1085.png,0.7828282828282829,0.6431535269709544,0.6485355648535565,0.9872611464968153
653.png,0.9812841923409157,0.963256076879593,0.9849710982658959,0.9776247848537005
2791.png,0.5508141493542952,0.38008523827973656,0.3820093457943925,0.9869215291750503
1187.png,0.9426596177307848,0.8915384615384615,0.8956723338485317,0.9948497854077253
2744.png,0.8180924287118978,0.6921797004991681,0.8612836438923396,0.7790262172284644
1023.png,0.9056379821958457,0.8275488069414316,0.8284473398479913,0.9986910994764397
1667.png,0.0,0.0,0.0,0.0
904.png,0.9631190727081138,0.9288617886178862,0.9902491874322861,0.9374358974358974
701.png,0.9501267962806423,0.9049919484702094,0.9190515126737531,0.9833770778652668
381.png,0.9150227617602428,0.8433566433566434,0.9663461538461539,0.8688760806916427
478.png,0.0,0.0,0.0,0.0
1354.png,0.9562943593574897,0.9162491052254832,0.9800918836140888,0.9336250911743253
2701.png,0.9660377358490567,0.9343065693430657,0.9443326626425218,0.9887640449438202
1689.png,0.8873974645786726,0.7975871313672922,0.8762886597938144,0.8987915407854985
2672.png,0.7273893521488134,0.5715725806451613,0.5746621621621621,0.9906814210832848
2524.png,0.6497386109036594,0.4811946902654867,0.7740213523131673,0.5598455598455598
2026.png,0.0,0.0,0.0,0.0
2356.png,0.9326292789512018,0.8737632207437734,0.9149696320114327,0.9509840326773116
527.png,0.9204025617566332,0.8525423728813559,0.9940711462450593,0.8568994889267462
1142.png,0.9176470588235295,0.8478260869565217,0.9915254237288136,0.8540145985401459
1562.png,0.8232044198895029,0.6995305164319249,0.9834983498349835,0.7078384798099763
1668.png,0.7640449438202247,0.6181818181818182,0.6263157894736842,0.9794238683127572
1837.png,0.959016393442623,0.9212598425196851,0.9855595667870036,0.9338654503990877
294.png,0.9536903039073805,0.9114799446749654,0.9191073919107392,0.9909774436090225
2157.png,0.541958041958042,0.37170263788968827,0.37170263788968827,1.0
2528.png,0.9297466701488639,0.8687164470473402,0.942297511911064,0.9175257731958762
2527.png,0.7942915392456676,0.6587757862698681,0.6612355736591989,0.9943848902501277
2075.png,0.8508393285371703,0.7404006677796328,0.8054483541430193,0.9016518424396442
2322.png,0.8571428571428571,0.75,0.7552941176470588,0.9907407407407407
3034.png,0.824326192121631,0.7011521279097108,0.7024734982332156,0.9973244147157191
1851.png,0.8337164750957855,0.7148488830486203,0.8217522658610272,0.8460342146189735
676.png,0.9641591177628989,0.9307984790874525,0.9357798165137615,0.9943135662063363
1818.png,0.8970747562296859,0.8133595284872298,0.9605568445475638,0.8414634146341463
2906.png,0.0,0.0,0.0,0.0
1840.png,0.8272251308900525,0.7053571428571429,1.0,0.7053571428571429
560.png,0.37873462214411246,0.23360433604336042,0.23360433604336042,1.0
1337.png,0.8989412897016361,0.8164335664335665,0.989406779661017,0.8236331569664903
1384.png,0.8033573141486811,0.6713426853707415,0.9882005899705014,0.6767676767676768
2936.png,0.9266547406082289,0.8633333333333333,0.9487179487179487,0.9055944055944056
1579.png,0.9531981279251169,0.910581222056632,0.9729299363057324,0.9342507645259939
678.png,0.9624300559552358,0.9275808936825886,0.9398907103825137,0.9860769860769861
555.png,0.9668246445497631,0.9357798165137615,0.9659090909090909,0.967741935483871
1885.png,0.8006932409012131,0.6676300578034682,0.9829787234042553,0.6754385964912281
2471.png,0.5020289855072463,0.3351393188854489,1.0,0.3351393188854489
1769.png,0.9612320764737121,0.9253578732106339,0.9378238341968912,0.985838779956427
1720.png,0.8768768768768769,0.7807486631016043,0.7978142076502732,0.9733333333333334
2465.png,0.7357604227833234,0.5819786344635393,0.998406374501992,0.5825197582519758
2255.png,0.45036829182742893,0.2906292440018108,0.29777365491651203,0.9237410071942446
1960.png,0.0,0.0,0.0,0.0
21.png,0.9554896142433235,0.9147727272727273,0.9857142857142858,0.927063339731286
26.png,0.0,0.0,0.0,0.0
2405.png,0.8986220472440946,0.8159070598748883,0.8383838383838383,0.968186638388123
335.png,0.8960396039603961,0.8116591928251121,0.8283752860411899,0.9757412398921833
893.png,0.9322033898305084,0.873015873015873,0.9799554565701559,0.8888888888888888
2606.png,0.8804165267047362,0.7863786378637864,0.8112039616217889,0.9625413147264047
11.png,0.9694828140057822,0.9407730673316709,0.9785992217898832,0.9605346912794398
2980.png,0.9374588545095457,0.8822800495662949,0.8922305764411027,0.9875173370319001
3011.png,0.0,0.0,0.0,0.0
717.png,0.7158182172810611,0.557411907654921,0.5658341042244835,0.9739915074309978
277.png,0.9857459613557175,0.9718925671455341,0.9810844892812106,0.9904519414385742
2979.png,0.9365791159513132,0.880722891566265,0.9069478908188585,0.9682119205298013
2275.png,0.8950853956082259,0.8100946372239748,0.8126582278481013,0.9961210240496509
1866.png,0.5649458784346377,0.39367565999419785,0.39367565999419785,1.0
1344.png,0.9339933993399341,0.8761609907120743,0.9188311688311688,0.9496644295302014
2137.png,0.635885447106955,0.4661525278491859,0.4661525278491859,1.0
2072.png,0.8045222465353755,0.6729713239780354,0.9100660066006601,0.7209150326797386
1137.png,0.9275634995296332,0.8649122807017544,0.8694885361552028,0.9939516129032258
1906.png,0.954002541296061,0.9120505344995141,0.9765868886576483,0.9324391455538996
1495.png,0.9550827423167848,0.9140271493212669,0.9483568075117371,0.9619047619047619
694.png,0.8554412560909584,0.7473982970671712,0.8997722095671982,0.8152734778121775
336.png,0.9659863945578232,0.9342105263157895,0.9458259325044405,0.9870250231696015
1560.png,0.95092693565976,0.9064449064449065,0.9797752808988764,0.923728813559322
1546.png,0.9431929480901077,0.8924930491195552,0.9968944099378882,0.8949814126394052
1969.png,0.7524575513851653,0.6031518624641834,0.9859484777517564,0.6083815028901735
2459.png,0.9515865227347072,0.9076443057722309,0.934468358496627,0.9693435521492836
587.png,0.9710656316160904,0.943758573388203,0.9568845618915159,0.9856733524355301
2662.png,0.7447584320875112,0.5933188090050835,0.6520351157222666,0.8682252922422954
2930.png,0.8416988416988417,0.7266666666666667,0.992914979757085,0.7304542069992555
943.png,0.9551515151515151,0.91415313225058,0.9563106796116505,0.9539951573849879
1794.png,0.9079754601226994,0.8314606741573034,0.8361581920903954,0.9932885906040269
3043.png,0.4442501093135111,0.2855536818437324,0.9990167158308751,0.2856339612032612
2380.png,0.8550153307052125,0.7467482785003825,0.7532801646514021,0.9885212694125591
126.png,0.9533678756476685,0.9108910891089109,0.9583333333333334,0.9484536082474226
1147.png,0.9273858921161826,0.8646034816247582,0.9824175824175824,0.8781925343811395
1883.png,0.927968851395198,0.8656174334140436,0.8816276202219482,0.9794520547945206
2176.png,0.7323279924599434,0.5776951672862454,0.6103692065985861,0.9151943462897526
2304.png,0.8214971209213052,0.6970684039087948,0.7025607353906763,0.988909426987061
369.png,0.9051094890510949,0.8266666666666667,0.8340807174887892,0.9893617021276596
2228.png,0.8789115646258503,0.7839805825242718,0.8613333333333333,0.8972222222222223
2114.png,0.9411764705882353,0.8888888888888888,0.9404672192916352,0.9418867924528301
451.png,0.9584199584199584,0.9201596806387226,0.922,0.9978354978354979
1916.png,0.3793836344314559,0.2340983606557377,0.2340983606557377,1.0
2349.png,0.23716814159292038,0.13453815261044177,0.13453815261044177,1.0
2530.png,0.49893992932862197,0.332391713747646,0.625886524822695,0.41480611045828436
1419.png,0.9422776911076443,0.8908554572271387,0.9837133550488599,0.9041916167664671
86.png,0.8945286750164799,0.8091830649970185,0.9819102749638206,0.8214285714285714
2725.png,0.8878961922995107,0.7983932670237185,0.9304502897904592,0.8490642799023597
1013.png,0.89,0.8018018018018018,0.89,0.89
777.png,0.8862629246676514,0.7957559681697612,0.9360374414976599,0.8415147265077139
2995.png,0.6893580353295994,0.5259697567389875,0.6622516556291391,0.7187780772686433
2992.png,0.9653423499577346,0.9330065359477124,0.9681247880637505,0.9625758597437627
1968.png,0.9100680759584379,0.8349769888231426,0.8657123381049762,0.959214501510574
1191.png,0.8998242530755711,0.8178913738019169,0.8692699490662139,0.9326047358834244
2956.png,0.7882015567390415,0.6504394861392833,0.6517615176151762,0.9968911917098445
2187.png,0.9519650655021834,0.9083333333333333,0.9396551724137931,0.9646017699115044
2248.png,0.8576349024110218,0.7507537688442211,0.8412162162162162,0.8747072599531616
1452.png,0.9284210526315789,0.8664047151277013,0.8909090909090909,0.9692307692307692
2525.png,0.7747543461829176,0.6323257248611968,0.733715103793844,0.8206565252201762
1108.png,0.7603550295857988,0.6133651551312649,0.6393034825870647,0.9379562043795621
2787.png,0.7309384164222875,0.5759676487579434,0.623125,0.8838652482269503
602.png,0.9416342412451362,0.8897058823529411,0.8918918918918919,0.9972527472527473
227.png,0.8200312989045383,0.6949602122015915,0.966789667896679,0.7119565217391305
1567.png,0.949438202247191,0.9037433155080213,0.9883040935672515,0.9135135135135135
1076.png,0.004164497657470068,0.0020865936358894104,0.0020865936358894104,1.0
2565.png,0.9016290726817042,0.8208784940102681,0.8325137402371999,0.9832593098735907
1075.png,0.0,0.0,0.0,0.0
824.png,0.4384,0.2807377049180328,0.2808199121522694,0.9989583333333333
2543.png,0.9483282674772038,0.9017341040462428,0.9948979591836735,0.9059233449477352
460.png,0.9564489112227805,0.9165329052969502,0.9330065359477124,0.9810996563573883
1751.png,0.9433962264150944,0.8928571428571429,0.9615384615384616,0.9259259259259259
1390.png,0.9196234612599566,0.8512064343163539,0.8546433378196501,0.9952978056426333
754.png,0.6306984525303221,0.46059865607819184,0.46286065070595456,0.989501312335958
117.png,0.5530785562632696,0.3822450476889215,0.39665017129805863,0.9132340052585451
941.png,0.7553488372093023,0.6068759342301944,0.6916524701873935,0.8319672131147541
347.png,0.951993490642799,0.9083850931677019,0.9375,0.9669421487603306
247.png,0.8669623059866962,0.7651663405088063,0.9750623441396509,0.780439121756487
837.png,0.0915032679738562,0.04794520547945205,0.04794520547945205,1.0
1225.png,0.44830917874396137,0.2889165628891656,0.7388535031847133,0.3217753120665742
1428.png,0.9656652360515021,0.9336099585062241,0.9493670886075949,0.982532751091703
2926.png,0.0,0.0,0.0,0.0
1774.png,0.8693009118541034,0.7688172043010753,0.975443383356071,0.7839912280701754
2107.png,0.8365650969529085,0.719047619047619,0.7584474885844749,0.9326221224031443
552.png,0.9087378640776699,0.8327402135231317,0.9669421487603306,0.8571428571428571
925.png,0.968437259430331,0.9388059701492537,0.9617737003058104,0.9751937984496124
284.png,0.0,0.0,0.0,0.0
2780.png,0.0,0.0,0.0,0.0
860.png,0.7318894697535474,0.5771495877502945,0.5791962174940898,0.9939148073022313
375.png,0.9783226723525231,0.9575652173913044,0.9828632631203141,0.9738238415281217
834.png,0.8671328671328671,0.7654320987654321,0.8857142857142857,0.8493150684931506
2642.png,0.0,0.0,0.0,0.0
1375.png,0.8331108144192257,0.7139588100686499,1.0,0.7139588100686499
681.png,0.9808262502470845,0.9623739332816137,0.9829635499207607,0.978698224852071
384.png,0.9719306809860874,0.9453941120607787,0.9915338645418327,0.9530876017233126
2154.png,0.0,0.0,0.0,0.0
1657.png,0.927536231884058,0.8648648648648649,0.9937888198757764,0.8695652173913043
69.png,0.9394812680115274,0.8858695652173914,0.965925925925926,0.9144460028050491
1568.png,0.918552036199095,0.8493723849372385,0.9398148148148148,0.8982300884955752
222.png,0.9763975155279503,0.9538834951456311,0.9650092081031307,0.9880578252671276
269.png,0.9149507609668756,0.8432343234323433,0.9623352165725048,0.8720136518771331
3041.png,0.549520766773163,0.3788546255506608,0.5058823529411764,0.6013986013986014
1043.png,0.9042857142857142,0.8252933507170795,0.8473895582329317,0.9693721286370597
2479.png,0.67101958814666,0.5049130763416477,0.5709401709401709,0.8136419001218027
2550.png,0.7472306143001007,0.5964630225080386,0.6807339449541284,0.828125
393.png,0.0,0.0,0.0,0.0
110.png,0.5457909343200741,0.3753180661577608,0.37579617834394907,0.9966216216216216
3033.png,0.6356522976241287,0.4659019812304484,0.4684420213881317,0.988495575221239
2233.png,0.6917450365726228,0.5287539936102237,0.8365627632687447,0.5896674584323041
2965.png,0.3770491803278689,0.23232323232323232,0.23637176050044684,0.9313380281690141
581.png,0.9768924302788844,0.9548286604361371,0.9638364779874213,0.9903069466882067
1089.png,0.8143646408839779,0.6868592730661697,0.6972563859981078,0.9787516600265604
2627.png,0.0,0.0,0.0,0.0
1411.png,0.9750415973377704,0.9512987012987013,0.9932203389830508,0.9575163398692811
244.png,0.9732465654374548,0.9478873239436619,0.9655667144906743,0.9810495626822158
2609.png,0.7151323587514815,0.5565805658056581,0.8660287081339713,0.6090174966352625
855.png,0.8328521013795316,0.7135788894997251,0.9412617839013778,0.7468354430379747
2909.png,0.8761609907120743,0.7796143250688705,0.8311306901615272,0.9263502454991817
1207.png,0.8810289389067524,0.7873563218390804,0.8404907975460123,0.9256756756756757
2593.png,0.9163558870538093,0.8456243854473943,0.8802456499488229,0.9555555555555556
184.png,0.8410596026490066,0.7257142857142858,0.8964705882352941,0.7920997920997921
2060.png,0.0,0.0,0.0,0.0
159.png,0.9232283464566928,0.8574040219378428,0.8733705772811918,0.9791231732776617
512.png,0.9767561983471075,0.9545683997980817,0.9633214467651554,0.9905709795704557
2732.png,0.34986945169712796,0.2120253164556962,0.23508771929824562,0.6836734693877551
2994.png,0.0,0.0,0.0,0.0
2394.png,0.5270549359768691,0.35782389231632084,0.3815789473684211,0.8518024032042724
1420.png,0.9293361884368309,0.868,0.8821138211382114,0.9819004524886877
1814.png,0.8312611012433393,0.7112462006079028,0.9790794979079498,0.7222222222222222
782.png,0.7806925498426023,0.6402753872633391,0.6674641148325359,0.9401853411962932
1437.png,0.9017212659633538,0.8210313447927199,0.9938800489596084,0.8252032520325203
2300.png,0.45559210526315785,0.29499467518636846,1.0,0.29499467518636846
2801.png,0.9011406844106464,0.8200692041522492,0.9601620526671168,0.848955223880597
2418.png,0.8554104477611939,0.7473512632436837,0.7473512632436837,1.0
1955.png,0.8714689265536724,0.772215269086358,0.7849872773536896,0.9793650793650793
1342.png,0.9533678756476685,0.9108910891089109,0.9147727272727273,0.9953632148377125
1585.png,0.9317460317460315,0.8722139673105498,0.9079659706109822,0.9568052159739201
6.png,0.8862512363996043,0.7957371225577264,0.8028673835125448,0.9889624724061811
718.png,0.7839070924927416,0.6446111869031378,0.6571627260083449,0.9712230215827338
437.png,0.9244186046511628,0.8594594594594595,0.9695121951219512,0.8833333333333333
1792.png,0.6387832699619772,0.4692737430167598,0.9333333333333333,0.48554913294797686
1681.png,0.9441558441558441,0.8942189421894219,0.9308578745198464,0.9578392621870883
750.png,0.8275123205485322,0.7057748538011696,0.7317165593027662,0.9521696252465484
1826.png,0.9410615434711821,0.8886838868388683,0.9550561797752809,0.9274711168164314
2061.png,0.8900523560209423,0.8018867924528302,0.821256038647343,0.9714285714285714
2858.png,0.8966480446927374,0.8126582278481013,0.8283870967741935,0.9771689497716894
2101.png,0.36808051761322796,0.22555066079295155,0.628992628992629,0.2601626016260163
1006.png,0.9012987012987015,0.8203309692671394,0.8762626262626263,0.9278074866310161
2808.png,0.500981033355134,0.33420593368237345,1.0,0.33420593368237345
1803.png,0.831275720164609,0.7112676056338029,0.7163120567375887,0.9901960784313726
1491.png,0.9095022624434389,0.8340248962655602,0.95260663507109,0.8701298701298701
3012.png,0.0,0.0,0.0,0.0
2566.png,0.8007054673721341,0.6676470588235294,0.6676470588235294,1.0
841.png,0.9111389236545682,0.8367816091954023,0.9877883310719131,0.8455284552845529
2922.png,0.9270549809471964,0.8640284119736175,0.9947429906542056,0.8679918450560652
2359.png,0.8052271313005599,0.6739583333333333,0.7711561382598331,0.8424479166666666
1304.png,0.8781684382665577,0.782798833819242,0.8261538461538461,0.93717277486911
1063.png,0.8699254349627175,0.7697947214076246,0.7777777777777778,0.9868421052631579
769.png,0.8619781872884542,0.7574355584930601,0.925686591276252,0.8064743138634765
2246.png,0.7887700534759359,0.6512141280353201,0.6512141280353201,1.0
2362.png,0.46132971506105835,0.2998236331569665,0.2998236331569665,1.0
550.png,0.8795811518324608,0.7850467289719626,0.84,0.9230769230769231
2878.png,0.8522473305189968,0.7425356988316746,0.911311736590547,0.8003731343283582
1021.png,0.8737527114967462,0.775808936825886,0.8081861958266453,0.9508970727101038
197.png,0.8270233507141237,0.7050637804406649,0.7304765718862635,0.9529780564263323
1274.png,0.9499389499389499,0.9046511627906977,0.9923469387755102,0.9110070257611241
915.png,0.7698412698412698,0.6258064516129033,0.6354702854468881,0.9762760603882099
2360.png,0.6038592508513054,0.432520325203252,0.504424778761062,0.7521206409048068
1553.png,0.7904411764705882,0.6534954407294833,0.6635802469135802,0.9772727272727273
2262.png,0.9559322033898306,0.9155844155844156,0.9543147208121827,0.9575551782682513
2096.png,0.7741935483870969,0.631578947368421,0.6608391608391608,0.934487021013597
2385.png,0.926774734488541,0.8635416666666667,0.8662486938349008,0.9963942307692307
2073.png,0.5666502705361535,0.3953328757721345,0.3998611593196807,0.9721518987341772
979.png,0.8907721280602635,0.8030560271646859,0.8085470085470086,0.9916142557651991
1658.png,0.8048780487804879,0.673469387755102,0.7071428571428572,0.9339622641509434
864.png,0.5085178875638843,0.3409480296973158,0.3431034482758621,0.9819078947368421
2571.png,0.8693994280266921,0.7689713322091062,0.7689713322091062,1.0
1269.png,0.9080779944289694,0.8316326530612245,0.8763440860215054,0.9421965317919075
985.png,0.5830508474576271,0.41148325358851673,0.44559585492227977,0.8431372549019608
847.png,0.004932182490752157,0.002472187886279357,0.002472187886279357,1.0
1218.png,0.7837837837837838,0.6444444444444445,0.7631578947368421,0.8055555555555556
926.png,0.9292649098474342,0.8678756476683938,0.9911242603550295,0.8746736292428199
2029.png,0.8793565683646113,0.784688995215311,0.7951515151515152,0.9835082458770614
559.png,0.840255591054313,0.7245179063360881,0.7265193370165746,0.9962121212121212
16.png,0.7908045977011494,0.6539923954372624,0.9662921348314607,0.669260700389105
1972.png,0.6359583952451708,0.4662309368191721,0.4662309368191721,1.0
2837.png,0.0,0.0,0.0,0.0
1050.png,0.9209383145091227,0.8534621578099839,0.8622559652928417,0.9881914232442511
2971.png,0.5817770232031692,0.41021548284118114,0.41021548284118114,1.0
1988.png,0.0,0.0,0.0,0.0
949.png,0.8635014836795253,0.7597911227154047,0.8174157303370787,0.9150943396226415
2633.png,0.0,0.0,0.0,0.0
1410.png,0.8571428571428571,0.75,0.7854889589905363,0.9431818181818182
1118.png,0.9153924566768604,0.8439849624060151,0.9739696312364425,0.8634615384615385
1185.png,0.9754224270353302,0.952023988005997,0.9570459683496609,0.9945184025058731
1726.png,0.9171483622350673,0.8469750889679716,0.9515242378810594,0.8851696885169689
880.png,0.5693430656934307,0.3979591836734694,0.9971590909090909,0.39841089670828606
2951.png,0.9666170529449288,0.9353909465020576,0.9869735128093791,0.9470833333333334
2269.png,0.0,0.0,0.0,0.0
1555.png,0.903943377148635,0.8247232472324724,1.0,0.8247232472324724
2968.png,0.8272727272727273,0.7054263565891473,0.7611524163568774,0.9059734513274337
948.png,0.8539944903581268,0.7451923076923077,0.747588424437299,0.9957173447537473
262.png,0.9324618736383442,0.8734693877551021,0.9694224235560589,0.8982161594963274
2090.png,0.7643742953776775,0.6186131386861314,0.6952827424553178,0.8487124463519313
2285.png,0.5478221823080377,0.3772418058132344,0.3865652724968314,0.9399075500770416
1262.png,0.8829337094499295,0.7904040404040404,1.0,0.7904040404040404
2098.png,0.0,0.0,0.0,0.0
1662.png,0.9257950530035336,0.8618421052631579,0.9225352112676056,0.9290780141843972
1739.png,0.9485060394151303,0.9020556227327691,0.9959946595460614,0.9053398058252428
557.png,0.7842364532019704,0.6450567260940032,0.6627810158201499,0.9601930036188179
2718.png,0.8790020790020789,0.7841246290801187,0.8524193548387097,0.9072961373390558
2172.png,0.12410071942446042,0.06615532118887824,0.06615532118887824,1.0
2729.png,0.8375,0.7204301075268817,0.7204301075268817,1.0
361.png,0.918676388109927,0.8495850622406639,0.8495850622406639,1.0
2647.png,0.0,0.0,0.0,0.0
2489.png,0.8993477877666138,0.8171044202434337,0.8223726627981948,0.9922209257098406
822.png,0.7784577723378213,0.6372745490981964,0.9085714285714286,0.6809421841541756
2305.png,0.8065757257782441,0.6758499413833529,0.6778365667254557,0.9956822107081175
2655.png,0.6962391513982642,0.5340236686390533,0.5340236686390533,1.0
2957.png,0.8347039473684211,0.7163020465772759,0.7435897435897436,0.9512652296157451
1194.png,0.8964451313755797,0.8123249299719888,0.8285714285714286,0.9764309764309764
2198.png,0.9113070539419087,0.837065269175798,0.866370808678501,0.9611597374179431
2497.png,0.0,0.0,0.0,0.0
1867.png,0.9244249726177437,0.8594704684317719,0.8656410256410256,0.9917743830787309
2345.png,0.876057254391672,0.7794500723589002,0.9270223752151463,0.8304039469626888
1561.png,0.9173272933182333,0.8472803347280334,0.995085995085995,0.8508403361344538
3035.png,0.9235408141287961,0.8579431772709084,0.950354609929078,0.8981985756179305
2789.png,0.563338301043219,0.3921161825726141,0.3922324340349837,0.9992447129909365
593.png,0.9540000000000001,0.9120458891013384,0.9120458891013384,1.0
2190.png,0.8083158497043677,0.6782970550576184,0.6833279587229926,0.9892623716153128
12.png,0.9771970279272354,0.9554108216432866,0.9916796671866874,0.9631313131313132
580.png,0.9740566037735849,0.9494252873563218,0.9694835680751174,0.9786729857819905
2006.png,0.8382185001903311,0.7214941022280472,0.742914979757085,0.9615720524017467
1902.png,0.9011416079669663,0.8200707338638373,0.8310931899641577,0.9840848806366048
2825.png,0.8993630573248407,0.8171296296296297,0.9121447028423773,0.8869346733668342
730.png,0.9147851420247634,0.8429530201342282,0.9804839968774395,0.8573378839590444
3010.png,0.47857142857142854,0.3145539906103286,0.31504702194357365,0.995049504950495
1616.png,0.8505747126436781,0.74,0.7872340425531915,0.925
1590.png,0.856441717791411,0.7489270386266095,0.9432432432432433,0.7842696629213484
1087.png,0.0,0.0,0.0,0.0
702.png,0.849426063470628,0.7382629107981221,0.7488095238095238,0.9812792511700468
2263.png,0.9804924848097218,0.9617314930991218,0.9745708836617928,0.9864864864864865
479.png,0.861646234676007,0.7569230769230769,0.7909967845659164,0.9461538461538461
2411.png,0.8028713418001103,0.6706642066420664,0.6706642066420664,1.0
3029.png,0.0,0.0,0.0,0.0
1539.png,0.9121373109930526,0.8384673178061608,0.8617760617760618,0.96875
3001.png,0.17162872154115588,0.09386973180076628,0.09404990403071017,0.98
2503.png,0.8765556676757486,0.7802395209580838,0.915671117357695,0.8406451612903226
2403.png,0.8416801292407109,0.7266387726638772,0.774145616641902,0.9221238938053097
2429.png,0.8080451658433311,0.6779159265837774,0.6779159265837774,1.0
1795.png,0.7860696517412935,0.6475409836065574,0.6781115879828327,0.9349112426035503
2182.png,0.935131195335277,0.8781656399726215,0.886049723756906,0.9899691358024691
1542.png,0.9302055060100813,0.8695179412830736,0.918805055534278,0.9418924224577935
1520.png,0.9151138716356109,0.8435114503816794,0.8804780876494024,0.9525862068965517
246.png,0.8491321762349799,0.7378190255220418,0.9607250755287009,0.7607655502392344
250.png,0.9167397020157757,0.8462783171521036,0.9289520426287744,0.9048442906574394
607.png,0.9426934097421203,0.8915989159891599,0.9320113314447592,0.9536231884057971
2110.png,0.735440931780366,0.5815789473684211,0.5956873315363881,0.9608695652173913
2665.png,0.8413043478260869,0.726078799249531,0.7432778489116517,0.9691151919866444
1959.png,0.06666666666666667,0.034482758620689655,0.11538461538461539,0.046875
364.png,0.9213483146067415,0.8541666666666666,0.9072340425531915,0.935908691834943
2737.png,0.07936507936507936,0.04132231404958678,0.04132231404958678,1.0
162.png,0.9610194902548725,0.924963924963925,0.9385065885797951,0.9846390168970814
2372.png,0.857016769638129,0.7498069498069498,0.9247619047619048,0.7985197368421053
1475.png,0.7133333333333333,0.5544041450777202,0.981651376146789,0.5602094240837696
2216.png,0.5486610058785109,0.37803780378037805,0.37803780378037805,1.0
873.png,0.7453968253968255,0.5941295546558705,0.6039094650205762,0.9734660033167496
1094.png,0.5400372439478585,0.36989795918367346,0.36989795918367346,1.0
3060.png,0.6675367047308319,0.5009794319294809,0.5084493041749503,0.9715099715099715
1638.png,0.9551934826883911,0.9142300194931774,0.9730290456431535,0.938
1748.png,0.8712328767123289,0.7718446601941747,1.0,0.7718446601941747
947.png,0.9030883919062832,0.8233009708737864,0.8249027237354085,0.9976470588235294
1374.png,0.8822553897180764,0.7893175074183977,0.9925373134328358,0.7940298507462686
1671.png,0.0,0.0,0.0,0.0
2296.png,0.6781202627589691,0.5129969418960245,0.8330229671011794,0.5717937792927141
174.png,0.9392712550607288,0.8854961832061069,0.9027237354085603,0.9789029535864979
1868.png,0.0,0.0,0.0,0.0
2867.png,0.9346869712351946,0.8773824650571792,0.9067629678266579,0.9643854748603352
1602.png,0.9612903225806452,0.9254658385093167,0.9536,0.9691056910569106
1093.png,0.8040313549832027,0.6722846441947565,0.6877394636015326,0.967654986522911
660.png,0.969983552631579,0.9417165668662675,0.9539021431459765,0.9866164784608951
870.png,0.9639468690702088,0.9304029304029304,0.9788053949903661,0.9495327102803738
93.png,0.8120567375886524,0.6835820895522388,0.7057010785824345,0.9561586638830898
1141.png,0.9461697722567287,0.8978388998035364,0.9158316633266533,0.9785867237687366
1710.png,0.9311087190527448,0.8710976837865055,0.8808553971486762,0.9874429223744292
1098.png,0.7415946205571565,0.5893129770992367,0.9601990049751243,0.6040688575899843
2771.png,0.8700000000000001,0.7699115044247787,0.8882882882882883,0.8524495677233429
1170.png,0.9800464037122971,0.9608735213830755,0.9652650822669104,0.9952874646559849
2159.png,0.793103448275862,0.6571428571428571,0.8245283018867925,0.763986013986014
1793.png,0.7593220338983051,0.6120218579234973,0.6120218579234973,1.0
1500.png,0.9647314161692893,0.9318658280922432,0.9737130339539978,0.9559139784946237
1907.png,0.9204233633869071,0.8525780682643428,0.8689859363434493,0.9783333333333334
2654.png,0.8282186948853615,0.7068031306441902,0.7068031306441902,1.0
2831.png,0.0,0.0,0.0,0.0
2173.png,0.0,0.0,0.0,0.0
894.png,0.6884681583476765,0.5249343832020997,0.5347593582887701,0.966183574879227
1800.png,0.8405172413793104,0.724907063197026,0.724907063197026,1.0
1129.png,0.9304029304029303,0.8698630136986302,0.8698630136986302,1.0
621.png,0.7522935779816513,0.6029411764705882,0.6239130434782608,0.9471947194719472
1174.png,0.9581963363081258,0.9197475202885482,0.9340659340659341,0.9836065573770492
3042.png,0.35324074074074074,0.21450660669103178,0.5392226148409894,0.26265060240963856
879.png,0.7726920093095423,0.629582806573957,1.0,0.629582806573957
3056.png,0.7822458270106222,0.6423676012461059,0.9980638915779284,0.6431690580162196
2827.png,0.9359129383313181,0.8795454545454545,0.9626865671641791,0.9105882352941177
91.png,0.021164021164021163,0.0106951871657754,0.0106951871657754,1.0
145.png,0.9700233351283433,0.9417915650052283,0.9750992421508481,0.965
1765.png,0.6201550387596899,0.449438202247191,1.0,0.449438202247191
2249.png,0.38851674641148326,0.24109263657957244,0.24109263657957244,1.0
2548.png,0.8739837398373984,0.776173285198556,0.7823871906841339,0.9898710865561694
2964.png,0.49023199023199027,0.324706833805095,0.3252328878088295,0.9950433705080545
2486.png,0.8899124827268541,0.8016597510373444,0.8334771354616048,0.9545454545454546
964.png,0.8899755501222494,0.801762114537445,0.8035320088300221,0.9972602739726028
1316.png,0.8981481481481481,0.8151260504201681,0.8712574850299402,0.9267515923566879
954.png,0.9166666666666667,0.8461538461538461,0.9058823529411765,0.927710843373494
134.png,0.9793374877008855,0.9595115681233933,0.9815910585141354,0.9770942408376964
351.png,0.9710669077757685,0.9437609841827768,0.960644007155635,0.9817184643510055
1873.png,0.9537107880642693,0.9115173674588666,0.9508009153318078,0.9566385264773599
1646.png,0.8793774319066149,0.7847222222222222,0.7943760984182777,0.9847494553376906
629.png,0.787518573551263,0.6495098039215687,0.6513056835637481,0.9957726632221701
2428.png,0.8561224489795918,0.7484388938447815,0.7511190689346464,0.9952550415183867
2473.png,0.9121856866537718,0.8385490753911806,0.980865224625624,0.8524945770065075
1846.png,0.8324050632911393,0.7129228100607112,0.9951573849878934,0.7154046997389034
1895.png,0.877543470218276,0.7818061964403428,0.9331235247836349,0.8282122905027933
2220.png,0.8929414288779232,0.8065891472868217,0.8192913385826772,0.9811409712399811
1282.png,0.14209591474245115,0.07648183556405354,0.08154943934760449,0.5517241379310345
2368.png,0.6612903225806452,0.4939759036144578,0.5937653411880216,0.7461443553362123
535.png,0.963768115942029,0.9300699300699301,0.9611562782294489,0.9663941871026339
140.png,0.9618104667609618,0.9264305177111717,0.9537166900420757,0.9700427960057061
590.png,0.9234088457389428,0.8577154308617234,0.8629032258064516,0.9930394431554525
1296.png,0.09655172413793105,0.050724637681159424,0.050724637681159424,1.0
2920.png,0.785392696348174,0.6466227347611203,0.6726649528706083,0.9435096153846154
402.png,0.9829437776373973,0.9664596273291925,0.986892177589852,0.9790268456375839
472.png,0.9462555066079295,0.8979933110367893,0.9640933572710951,0.9290657439446367
2855.png,0.8305647840531561,0.7102272727272727,0.7440476190476191,0.9398496240601504
1515.png,0.8603174603174603,0.754874651810585,0.7900874635568513,0.9442508710801394
1247.png,0.9585185185185187,0.9203413940256046,0.9269340974212035,0.9923312883435583
2450.png,0.7163270086671351,0.558029197080292,0.6238270093839249,0.841034103410341
1333.png,0.8832891246684351,0.7909738717339667,0.7928571428571428,0.9970059880239521
1582.png,0.9209486166007905,0.8534798534798534,0.871571072319202,0.9762569832402235
1897.png,0.9424242424242424,0.8911174785100286,0.9628482972136223,0.9228486646884273
967.png,0.869287991498406,0.768796992481203,0.8147410358565738,0.9316628701594533
971.png,0.9339853300733496,0.8761467889908257,0.8761467889908257,1.0
2007.png,0.8687430478309233,0.767944936086529,0.7751861042183623,0.9879822896900696
1684.png,0.861952861952862,0.757396449704142,0.7925696594427245,0.9446494464944649
189.png,0.978340825500613,0.9576,0.9684466019417476,0.9884393063583815
36.png,0.8812095032397408,0.7876447876447876,0.7876447876447876,1.0
55.png,0.791970802919708,0.6555891238670695,0.6555891238670695,1.0
2898.png,0.9469835466179158,0.8993055555555556,0.9228028503562945,0.9724655819774718
157.png,0.9808039376538146,0.9623309723116549,0.9910477453580901,0.9707697304319585
3004.png,0.0,0.0,0.0,0.0
1275.png,0.9375,0.8823529411764706,0.9398496240601504,0.9351620947630923
2343.png,0.9231598813696414,0.85728592889334,0.8624685138539043,0.9930394431554525
434.png,0.9241379310344827,0.8589743589743589,0.9985096870342772,0.8600770218228498
149.png,0.9650582362728786,0.932475884244373,0.9709821428571429,0.9592061742006616
87.png,0.9723849372384937,0.9462540716612378,0.9493464052287581,0.9965694682675815
2553.png,0.8755020080321285,0.7785714285714286,0.7785714285714286,1.0
1641.png,0.8836789900811541,0.7915993537964459,0.9441233140655106,0.8305084745762712
1943.png,0.8748681156362101,0.777569392348087,0.8724747474747475,0.8772746508675413
2618.png,0.7745830937320299,0.6320976067573909,0.7153478491768455,0.8445141065830721
981.png,0.597517730496454,0.42604298356510745,0.4440052700922266,0.9132791327913279
1729.png,0.8623751387347391,0.7580487804878049,0.7904374364191251,0.9487179487179487
2911.png,0.8398058252427184,0.7238493723849372,0.7734724292101341,0.9185840707964602
2250.png,0.5921052631578948,0.4205607476635514,0.42235494880546076,0.99
1271.png,0.6703296703296703,0.5041322314049587,0.6853932584269663,0.6559139784946236
1630.png,0.9359550561797753,0.8796198521647307,0.94874715261959,0.9235033259423503
1927.png,0.0,0.0,0.0,0.0
1103.png,0.6480938416422287,0.4793926247288503,0.4857142857142857,0.973568281938326
213.png,0.9603665521191295,0.9237549581313353,0.9610270518110958,0.9597069597069597
1656.png,0.887780548628429,0.7982062780269058,0.9368421052631579,0.8436018957345972
2588.png,0.7748279252704032,0.6324237560192616,0.9609756097560975,0.6490939044481054
2274.png,0.8619647355163728,0.7574147853032315,0.7976689976689977,0.9375342465753425
849.png,0.9388111888111889,0.8846787479406919,0.8994974874371859,0.9817184643510055
2986.png,0.7109768378650554,0.5515625,0.5903010033444817,0.8936708860759494
1588.png,0.44800596347372346,0.2886647454370797,0.28880345987506006,0.9983388704318937
2688.png,0.0,0.0,0.0,0.0
1234.png,0.7830045523520486,0.6433915211970075,0.9923076923076923,0.6466165413533834
745.png,0.8901082152110958,0.8019774787146389,0.8077455048409405,0.991174473862865
387.png,0.9758372191606614,0.9528145695364238,0.9922413793103448,0.9599666388657214
103.png,0.9373401534526854,0.8820697954271961,0.982573726541555,0.8960880195599022
1742.png,0.8783269961977186,0.7830508474576271,0.9545454545454546,0.8133802816901409
636.png,0.9834850016852039,0.9675066312997348,0.9858108108108108,0.9811701412239409
2763.png,0.8409090909090909,0.7254901960784313,0.7404591995035681,0.9728903383611904
1446.png,0.9551098376313276,0.9140767824497258,0.9861932938856016,0.9259259259259259
2342.png,0.941620679639849,0.889681668496158,0.9030640668523677,0.9836165048543689
2494.png,0.9351535836177475,0.8782051282051282,0.9210084033613445,0.949740034662045
2390.png,0.8712210443659207,0.7718260869565218,0.7772329246935201,0.9910674408217954
2709.png,0.0,0.0,0.0,0.0
2604.png,0.9466865969108123,0.8987701040681173,0.95,0.9433962264150944
412.png,0.9685767097966729,0.9390681003584229,0.9401913875598086,0.9987293519695044
1097.png,0.8229426433915212,0.6991525423728814,0.9593023255813954,0.7205240174672489
1311.png,0.9139710942876808,0.8415716096324461,0.8523748395378691,0.9851632047477745
2081.png,0.6397919375812744,0.47036328871892924,0.9959514170040485,0.47126436781609193
132.png,0.9719051799824407,0.9453458582408198,0.9617723718505647,0.9822537710736469
186.png,0.35384615384615387,0.21495327102803738,0.3484848484848485,0.359375
1330.png,0.8589743589743589,0.7528089887640449,0.9640287769784173,0.7745664739884393
1523.png,0.8644338118022328,0.7612359550561798,0.8713826366559485,0.8575949367088608
2401.png,0.6024896265560166,0.4311163895486936,0.4311163895486936,1.0
657.png,0.9346446700507614,0.8773079213817748,0.9583604424202993,0.9120743034055727
29.png,0.9320817228050802,0.8728024819027922,0.9398663697104677,0.9244249726177437
2579.png,0.7829021372328459,0.6432532347504621,0.7145790554414785,0.8656716417910447
2521.png,0.605544747081712,0.43425183118242067,0.6316590563165906,0.5815039701074264
640.png,0.930728241563055,0.8704318936877077,0.8851351351351351,0.9812734082397003
2058.png,0.0,0.0,0.0,0.0
1981.png,0.9416195856873824,0.8896797153024911,0.9363295880149812,0.946969696969697
2091.png,0.531480677377334,0.3619160260201064,0.46986564299424183,0.6116941529235382
1204.png,0.9072580645161291,0.8302583025830258,0.9146341463414634,0.9
2451.png,0.3897581792318634,0.2420494699646643,0.25914249684741486,0.7858508604206501
523.png,0.8770764119601329,0.7810650887573964,0.7810650887573964,1.0
1393.png,0.9397590361445785,0.8863636363636364,0.9616438356164384,0.918848167539267
301.png,0.9785186458154321,0.9579407806191117,0.9680380822849372,0.9892286309937457
1477.png,0.8333333333333333,0.7142857142857143,0.9859154929577465,0.7216494845360825
2590.png,0.7175572519083969,0.5595238095238095,0.5595238095238095,1.0
1461.png,0.8085808580858086,0.6786703601108033,0.7915993537964459,0.8263069139966274
1145.png,0.9415094339622643,0.8894830659536542,0.895870736086176,0.9920477137176938
1312.png,0.9352989352989353,0.8784615384615385,0.9422442244224423,0.9284552845528455
763.png,0.9438470728793308,0.8936651583710408,0.9729064039408867,0.9164733178654292
2160.png,0.859876965140123,0.7541966426858513,0.7765432098765432,0.9632465543644717
2468.png,0.7336860670194003,0.5793871866295265,0.6046511627906976,0.9327354260089686
2312.png,0.8980222496909765,0.8149186763881099,0.8153759820426487,0.9993122420907841
1707.png,0.94662638469285,0.8986615678776291,0.9306930693069307,0.9631147540983607
248.png,0.9364161849710982,0.8804347826086957,0.9387417218543046,0.9341021416803954
441.png,0.9674185463659148,0.9368932038834952,0.9780405405405406,0.9570247933884297
2853.png,0.8870588235294118,0.7970401691331924,0.8213507625272332,0.9641943734015346
793.png,0.7510023503387252,0.6012840380783706,0.6089686098654709,0.9794446447890371
716.png,0.7420814479638008,0.5899280575539568,0.6791501620453727,0.8178664353859497
896.png,0.2895805142083897,0.16930379746835442,0.16930379746835442,1.0
1251.png,0.9714285714285715,0.9444444444444444,0.95625,0.9870967741935484
1071.png,0.9186602870813397,0.8495575221238938,0.8727272727272727,0.9696969696969697
1714.png,0.4154302670623145,0.26217228464419473,0.26217228464419473,1.0
2818.png,0.8479467258601554,0.7360308285163777,1.0,0.7360308285163777
2230.png,0.0,0.0,0.0,0.0
1665.png,0.0,0.0,0.0,0.0
2822.png,0.8733727810650888,0.7752100840336135,0.9485861182519281,0.8092105263157895
2854.png,0.3151862464183381,0.1870748299319728,0.8384146341463414,0.19407198306280876
2015.png,0.8616429894996911,0.7569180683667933,0.9775753328661527,0.7702926559911651
2685.png,0.8653624856156502,0.7626774847870182,0.7626774847870182,1.0
1309.png,0.9278350515463918,0.8653846153846154,0.9936908517350158,0.8701657458563536
589.png,0.8547368421052631,0.7463235294117647,0.7546468401486989,0.9854368932038835
922.png,0.9737914967967385,0.9489216799091941,0.9698375870069605,0.9777777777777777
2279.png,0.0,0.0,0.0,0.0
2415.png,0.0,0.0,0.0,0.0
1789.png,0.5777777777777777,0.40625,0.40625,1.0
1276.png,0.9847198641765704,0.9698996655518395,0.9852774631936579,0.9841628959276018
1991.png,0.8285219399538107,0.7072449482503697,0.8836206896551724,0.779891304347826
215.png,0.8980382659239524,0.814945054945055,0.8883564925730714,0.9079333986287953
663.png,0.9659722222222222,0.9341840161182001,0.9348118279569892,0.9992816091954023
2611.png,0.0,0.0,0.0,0.0
1149.png,0.9497354497354497,0.9042821158690176,0.9276485788113695,0.9728997289972899
2660.png,0.9249431387414707,0.8603667136812412,0.9667194928684627,0.8866279069767442
251.png,0.8924302788844621,0.8057553956834532,0.8205128205128205,0.9781659388646288
1231.png,0.8220551378446116,0.6978723404255319,0.7130434782608696,0.9704142011834319
2675.png,0.7058823529411765,0.5454545454545454,0.6876923076923077,0.7250608272506083
1879.png,0.7446457990115322,0.5931758530183727,0.6208791208791209,0.9300411522633745
1345.png,0.8444444444444443,0.7307692307692307,0.7307692307692307,1.0
2164.png,0.9291160689070885,0.8676160337552743,0.8761651131824234,0.9888788698527202
2302.png,0.5932773109243697,0.4217443249701314,0.8609756097560975,0.45256410256410257
2630.png,0.5747126436781609,0.4032258064516129,0.4032258064516129,1.0
1067.png,0.7448132780082989,0.5933884297520661,0.7557894736842106,0.7341513292433538
1002.png,0.9261939218523878,0.862533692722372,0.8938547486033519,0.960960960960961
308.png,0.9730753050063105,0.9475624743957395,0.9621464226289518,0.9842553191489362
324.png,0.7833962264150943,0.6439205955334988,0.9719101123595506,0.6561314791403287
1235.png,0.8977099236641222,0.814404432132964,0.9702970297029703,0.8352272727272727
153.png,0.967948717948718,0.937888198757764,0.9767141009055628,0.9593392630241423
1810.png,0.7697841726618705,0.6257309941520468,0.9953488372093023,0.6275659824046921
1401.png,0.894894894894895,0.8097826086956522,0.8232044198895028,0.9802631578947368
1861.png,0.9056484695487536,0.8275663206459054,0.8696969696969697,0.9447004608294931
2197.png,0.7313109425785482,0.5764304013663536,0.9754335260115607,0.5849220103986135
709.png,0.7503974562798092,0.6005089058524173,0.6941176470588235,0.8166089965397924
2080.png,0.0,0.0,0.0,0.0
1768.png,0.9336437718277067,0.8755458515283843,0.929316338354577,0.9380116959064327
353.png,0.8713826366559485,0.7720797720797721,0.7720797720797721,1.0
181.png,0.9801816680429398,0.9611336032388664,0.9850622406639005,0.9753492193919474
1801.png,0.8759493670886075,0.7792792792792793,0.7828054298642534,0.9942528735632183
865.png,0.0,0.0,0.0,0.0
2378.png,0.8353537579898611,0.7172596517789553,0.8926048045219029,0.7850041425020713
605.png,0.9501915708812261,0.9051094890510949,0.9309309309309309,0.9702660406885759
2148.png,0.9234285714285714,0.8577494692144374,0.9528301886792453,0.8957871396895787
940.png,0.9256342957130359,0.8615635179153095,0.9670932358318098,0.8875838926174496
545.png,0.9686746987951808,0.9392523364485982,0.9737024221453288,0.9636986301369863
217.png,0.9069031032298924,0.8296639629200464,0.8983688833124216,0.9156010230179028
980.png,0.0,0.0,0.0,0.0
888.png,0.7428095039599834,0.5908488063660478,0.5908488063660478,1.0
407.png,0.94988344988345,0.904550499445061,0.9106145251396648,0.9926918392204629
1566.png,0.7781350482315113,0.6368421052631579,0.6470588235294118,0.9758064516129032
2830.png,0.6373983739837399,0.4677804295942721,1.0,0.4677804295942721
1841.png,0.0,0.0,0.0,0.0
2790.png,0.6009615384615384,0.42955326460481097,0.4315304948216341,0.9894459102902374
2847.png,0.8140257434531736,0.686377245508982,0.8834296724470135,0.7547325102880659
1084.png,0.9043250327653997,0.8253588516746412,0.9942363112391931,0.8293269230769231
1723.png,0.9247706422018348,0.8600682593856656,0.9767441860465116,0.8780487804878049
2454.png,0.7447757689598498,0.5933408155630377,0.5951219512195122,0.9949811794228356
1611.png,0.9036860879904876,0.824295010845987,0.9571788413098237,0.8558558558558559
1363.png,0.9586056644880174,0.9205020920502092,0.9322033898305084,0.9865470852017937
2717.png,0.84910013844024,0.7377706495589414,0.9808102345415778,0.7485760781122864
33.png,0.857976653696498,0.7512776831345827,0.7889087656529516,0.9402985074626866
2496.png,0.0,0.0,0.0,0.0
2169.png,0.7017001545595054,0.5404761904761904,0.6358543417366946,0.7827586206896552
2222.png,0.7032258064516129,0.5422885572139303,0.6181474480151229,0.8154613466334164
1146.png,0.9689781021897811,0.9398230088495575,0.9584837545126353,0.9797047970479705
1893.png,0.4996704021094266,0.3330404217926186,0.5368271954674221,0.46732429099876693
2499.png,0.0,0.0,0.0,0.0
1236.png,0.84310618066561,0.7287671232876712,0.9568345323741008,0.7535410764872521
1250.png,0.9332042594385285,0.8747731397459165,0.9043151969981238,0.964
2923.png,0.9050925925925926,0.8266384778012685,0.9974489795918368,0.8283898305084746
1591.png,0.9088729016786571,0.832967032967033,0.8855140186915887,0.9334975369458128
1894.png,0.3297872340425532,0.19745222929936307,0.33022636484687085,0.3293492695883134
107.png,0.9591060389919164,0.9214253083599817,0.9706448508180944,0.9478383458646616
1675.png,0.8361581920903954,0.7184466019417476,0.9024390243902439,0.7789473684210526
429.png,0.9695885509838998,0.9409722222222222,0.966131907308378,0.9730700179533214
344.png,0.9529983792544571,0.9102167182662538,0.9230769230769231,0.9849246231155779
2667.png,0.883984491500149,0.792089791555318,0.798921832884097,0.9893190921228304
367.png,0.967741935483871,0.9375,0.9650735294117647,0.9704251386321626
